Workbook

Sheet Internal_Trades
A1: Trade_ID | B1: Trade_Date | C1: Security | D1: Quantity | E1: Price | F1: Counterparty | G1: Settlement_Date | H1: Status
A2: TR001 | B2: 45691 | C2: RELIANCE | D2: 1000 | E2: 1475 | F2: JP Morgan | G2: 45693 | H2: Pending
A3: TR002 | B3: 45691 | C3: TCS | D3: 500 | E3: 3115 | F3: HSBC | G3: 45693 | H3: Pending
A4: TR003 | B4: 45691 | C4: INFY | D4: 2000 | E4: 1610 | F4: Citibank | G4: 45694 | H4: Pending
A5: TR004 | B5: 45692 | C5: HDFC | D5: 1500 | E5: 950 | F5: Bank of America | G5: 45694 | H5: Pending
A6: TR005 | B6: 45692 | C6: ITC | D6: 3000 | E6: 320 | F6: Deutsche Bank | G6: 45694 | H6: Pending
A7: TR006 | B7: 45692 | C7: WIPRO | D7: 800 | E7: 285 | F7: Morgan Stanley | G7: 45695 | H7: Pending
A8: TR007 | B8: 45693 | C8: BAJAJ-AUTO | D8: 250 | E8: 9520 | F8: Goldman Sachs | G8: 45695 | H8: Pending
A9: TR008 | B9: 45693 | C9: MARUTI | D9: 600 | E9: 15050 | F9: Barclays | G9: 45695 | H9: Pending
A10: TR009 | B10: 45693 | C10: HCLTECH | D10: 1200 | E10: 1610 | F10: UBS | G10: 45696 | H10: Pending
A11: TR010 | B11: 45694 | C11: ICICIBANK | D11: 2500 | E11: 1365 | F11: Credit Suisse | G11: 45696 | H11: Pending

Sheet Broker_Confirmations
A1: Trade_ID | B1: Confirm_Date | C1: Security | D1: Quantity | E1: Price | F1: Counterparty | G1: Settlement_Date | H1: Status
A2: TR001 | B2: 45691 | C2: RELIANCE | D2: 1000 | E2: 1475 | F2: JP Morgan | G2: 45693 | H2: Confirmed
A3: TR002 | B3: 45691 | C3: TCS | D3: 500 | E3: 3120 | F3: HSBC | G3: 45693 | H3: Confirmed
A4: TR003 | B4: 45691 | C4: INFY | D4: 1800 | E4: 1610 | F4: Citibank | G4: 45694 | H4: Confirmed
A5: TR004 | B5: 45692 | C5: HDFC | D5: 1500 | E5: 950 | F5: Bank of America | G5: 45694 | H5: Pending
A6: TR006 | B6: 45692 | C6: WIPRO | D6: 800 | E6: 285 | F6: Morgan Stanley | G6: 45695 | H6: Confirmed
A7: TR007 | B7: 45693 | C7: BAJAJ-AUTO | D7: 250 | E7: 9520 | F7: Goldman Sachs | G7: 45696 | H7: Confirmed
A8: TR008 | B8: 45693 | C8: MARUTI | D8: 600 | E8: 15050 | F8: Barclays | G8: 45695 | H8: Confirmed
A9: TR009 | B9: 45693 | C9: HCLTECH | D9: 1200 | E9: 1605 | F9: UBS | G9: 45696 | H9: Confirmed
A10: TR011 | B10: 45694 | C10: TATAMOTORS | D10: 1000 | E10: 995 | F10: JP Morgan | G10: 45696 | H10: Confirmed

Sheet Reconciliation
A1: Trade_ID | B1: Security | C1: Internal_Qty | D1: Broker_Qty | E1: Qty_Match | F1: Internal_Price | G1: Broker_Price | H1: Price_Match | I1: Internal_Settlement | J1: Broker_Settlement | K1: Date_Match | L1: Match_Status
A2: TR001 | B2: =VLOOKUP(A2,Internal_Trades!A:H,3,0) -> RELIANCE | C2: =IFERROR(VLOOKUP(A2,Internal_Trades!A:H,4,0),"") -> 1000 | D2: =IFERROR(VLOOKUP(A2,Broker_Confirmations!A:H,4,0),"") -> 1000 | E2: =IF(AND(C2<>"",D2<>""),IF(C2=D2,"MATCH","BREAK"),"MISSING") -> MATCH | F2: =IFERROR(VLOOKUP(A2,Internal_Trades!A:H,5,0),"") -> 1475 | G2: =IFERROR(VLOOKUP(A2,Broker_Confirmations!A:H,5,0),"") -> 1475 | H2: =IF(AND(F2<>"",G2<>""),IF(F2=G2,"MATCH","BREAK"),"MISSING") -> MATCH | I2: =IFERROR(VLOOKUP(A2,Internal_Trades!A:H,7,0),"") -> 45693 | J2: =IFERROR(VLOOKUP(A2,Broker_Confirmations!A:H,7,0),"") -> 45693 | K2: =IF(AND(I2<>"",J2<>""),IF(I2=J2,"MATCH","BREAK"),"MISSING") -> MATCH | L2: =IF(OR(E2="MISSING",H2="MISSING",K2="MISSING"),"MISSING",IF(OR(E2="BREAK",H2="BREAK",K2="BREAK"),"BREAK","MATCH")) -> MATCH
A3: TR002 | B3: =VLOOKUP(A3,Internal_Trades!A:H,3,0) -> TCS | C3: =IFERROR(VLOOKUP(A3,Internal_Trades!A:H,4,0),"") -> 500 | D3: =IFERROR(VLOOKUP(A3,Broker_Confirmations!A:H,4,0),"") -> 500 | E3: =IF(AND(C3<>"",D3<>""),IF(C3=D3,"MATCH","BREAK"),"MISSING") -> MATCH | F3: =IFERROR(VLOOKUP(A3,Internal_Trades!A:H,5,0),"") -> 3115 | G3: =IFERROR(VLOOKUP(A3,Broker_Confirmations!A:H,5,0),"") -> 3120 | H3: =IF(AND(F3<>"",G3<>""),IF(F3=G3,"MATCH","BREAK"),"MISSING") -> BREAK | I3: =IFERROR(VLOOKUP(A3,Internal_Trades!A:H,7,0),"") -> 45693 | J3: =IFERROR(VLOOKUP(A3,Broker_Confirmations!A:H,7,0),"") -> 45693 | K3: =IF(AND(I3<>"",J3<>""),IF(I3=J3,"MATCH","BREAK"),"MISSING") -> MATCH | L3: =IF(OR(E3="MISSING",H3="MISSING",K3="MISSING"),"MISSING",IF(OR(E3="BREAK",H3="BREAK",K3="BREAK"),"BREAK","MATCH")) -> BREAK
A4: TR003 | B4: =VLOOKUP(A4,Internal_Trades!A:H,3,0) -> INFY | C4: =IFERROR(VLOOKUP(A4,Internal_Trades!A:H,4,0),"") -> 2000 | D4: =IFERROR(VLOOKUP(A4,Broker_Confirmations!A:H,4,0),"") -> 1800 | E4: =IF(AND(C4<>"",D4<>""),IF(C4=D4,"MATCH","BREAK"),"MISSING") -> BREAK | F4: =IFERROR(VLOOKUP(A4,Internal_Trades!A:H,5,0),"") -> 1610 | G4: =IFERROR(VLOOKUP(A4,Broker_Confirmations!A:H,5,0),"") -> 1610 | H4: =IF(AND(F4<>"",G4<>""),IF(F4=G4,"MATCH","BREAK"),"MISSING") -> MATCH | I4: =IFERROR(VLOOKUP(A4,Internal_Trades!A:H,7,0),"") -> 45694 | J4: =IFERROR(VLOOKUP(A4,Broker_Confirmations!A:H,7,0),"") -> 45694 | K4: =IF(AND(I4<>"",J4<>""),IF(I4=J4,"MATCH","BREAK"),"MISSING") -> MATCH | L4: =IF(OR(E4="MISSING",H4="MISSING",K4="MISSING"),"MISSING",IF(OR(E4="BREAK",H4="BREAK",K4="BREAK"),"BREAK","MATCH")) -> BREAK
A5: TR004 | B5: =VLOOKUP(A5,Internal_Trades!A:H,3,0) -> HDFC | C5: =IFERROR(VLOOKUP(A5,Internal_Trades!A:H,4,0),"") -> 1500 | D5: =IFERROR(VLOOKUP(A5,Broker_Confirmations!A:H,4,0),"") -> 1500 | E5: =IF(AND(C5<>"",D5<>""),IF(C5=D5,"MATCH","BREAK"),"MISSING") -> MATCH | F5: =IFERROR(VLOOKUP(A5,Internal_Trades!A:H,5,0),"") -> 950 | G5: =IFERROR(VLOOKUP(A5,Broker_Confirmations!A:H,5,0),"") -> 950 | H5: =IF(AND(F5<>"",G5<>""),IF(F5=G5,"MATCH","BREAK"),"MISSING") -> MATCH | I5: =IFERROR(VLOOKUP(A5,Internal_Trades!A:H,7,0),"") -> 45694 | J5: =IFERROR(VLOOKUP(A5,Broker_Confirmations!A:H,7,0),"") -> 45694 | K5: =IF(AND(I5<>"",J5<>""),IF(I5=J5,"MATCH","BREAK"),"MISSING") -> MATCH | L5: =IF(OR(E5="MISSING",H5="MISSING",K5="MISSING"),"MISSING",IF(OR(E5="BREAK",H5="BREAK",K5="BREAK"),"BREAK","MATCH")) -> MATCH
A6: TR005 | B6: =VLOOKUP(A6,Internal_Trades!A:H,3,0) -> ITC | C6: =IFERROR(VLOOKUP(A6,Internal_Trades!A:H,4,0),"") -> 3000 | D6: =IFERROR(VLOOKUP(A6,Broker_Confirmations!A:H,4,0),"") | E6: =IF(AND(C6<>"",D6<>""),IF(C6=D6,"MATCH","BREAK"),"MISSING") -> MISSING | F6: =IFERROR(VLOOKUP(A6,Internal_Trades!A:H,5,0),"") -> 320 | G6: =IFERROR(VLOOKUP(A6,Broker_Confirmations!A:H,5,0),"") | H6: =IF(AND(F6<>"",G6<>""),IF(F6=G6,"MATCH","BREAK"),"MISSING") -> MISSING | I6: =IFERROR(VLOOKUP(A6,Internal_Trades!A:H,7,0),"") -> 45694 | J6: =IFERROR(VLOOKUP(A6,Broker_Confirmations!A:H,7,0),"") | K6: =IF(AND(I6<>"",J6<>""),IF(I6=J6,"MATCH","BREAK"),"MISSING") -> MISSING | L6: =IF(OR(E6="MISSING",H6="MISSING",K6="MISSING"),"MISSING",IF(OR(E6="BREAK",H6="BREAK",K6="BREAK"),"BREAK","MATCH")) -> MISSING
A7: TR006 | B7: =VLOOKUP(A7,Internal_Trades!A:H,3,0) -> WIPRO | C7: =IFERROR(VLOOKUP(A7,Internal_Trades!A:H,4,0),"") -> 800 | D7: =IFERROR(VLOOKUP(A7,Broker_Confirmations!A:H,4,0),"") -> 800 | E7: =IF(AND(C7<>"",D7<>""),IF(C7=D7,"MATCH","BREAK"),"MISSING") -> MATCH | F7: =IFERROR(VLOOKUP(A7,Internal_Trades!A:H,5,0),"") -> 285 | G7: =IFERROR(VLOOKUP(A7,Broker_Confirmations!A:H,5,0),"") -> 285 | H7: =IF(AND(F7<>"",G7<>""),IF(F7=G7,"MATCH","BREAK"),"MISSING") -> MATCH | I7: =IFERROR(VLOOKUP(A7,Internal_Trades!A:H,7,0),"") -> 45695 | J7: =IFERROR(VLOOKUP(A7,Broker_Confirmations!A:H,7,0),"") -> 45695 | K7: =IF(AND(I7<>"",J7<>""),IF(I7=J7,"MATCH","BREAK"),"MISSING") -> MATCH | L7: =IF(OR(E7="MISSING",H7="MISSING",K7="MISSING"),"MISSING",IF(OR(E7="BREAK",H7="BREAK",K7="BREAK"),"BREAK","MATCH")) -> MATCH
A8: TR007 | B8: =VLOOKUP(A8,Internal_Trades!A:H,3,0) -> BAJAJ-AUTO | C8: =IFERROR(VLOOKUP(A8,Internal_Trades!A:H,4,0),"") -> 250 | D8: =IFERROR(VLOOKUP(A8,Broker_Confirmations!A:H,4,0),"") -> 250 | E8: =IF(AND(C8<>"",D8<>""),IF(C8=D8,"MATCH","BREAK"),"MISSING") -> MATCH | F8: =IFERROR(VLOOKUP(A8,Internal_Trades!A:H,5,0),"") -> 9520 | G8: =IFERROR(VLOOKUP(A8,Broker_Confirmations!A:H,5,0),"") -> 9520 | H8: =IF(AND(F8<>"",G8<>""),IF(F8=G8,"MATCH","BREAK"),"MISSING") -> MATCH | I8: =IFERROR(VLOOKUP(A8,Internal_Trades!A:H,7,0),"") -> 45695 | J8: =IFERROR(VLOOKUP(A8,Broker_Confirmations!A:H,7,0),"") -> 45696 | K8: =IF(AND(I8<>"",J8<>""),IF(I8=J8,"MATCH","BREAK"),"MISSING") -> BREAK | L8: =IF(OR(E8="MISSING",H8="MISSING",K8="MISSING"),"MISSING",IF(OR(E8="BREAK",H8="BREAK",K8="BREAK"),"BREAK","MATCH")) -> BREAK
A9: TR008 | B9: =VLOOKUP(A9,Internal_Trades!A:H,3,0) -> MARUTI | C9: =IFERROR(VLOOKUP(A9,Internal_Trades!A:H,4,0),"") -> 600 | D9: =IFERROR(VLOOKUP(A9,Broker_Confirmations!A:H,4,0),"") -> 600 | E9: =IF(AND(C9<>"",D9<>""),IF(C9=D9,"MATCH","BREAK"),"MISSING") -> MATCH | F9: =IFERROR(VLOOKUP(A9,Internal_Trades!A:H,5,0),"") -> 15050 | G9: =IFERROR(VLOOKUP(A9,Broker_Confirmations!A:H,5,0),"") -> 15050 | H9: =IF(AND(F9<>"",G9<>""),IF(F9=G9,"MATCH","BREAK"),"MISSING") -> MATCH | I9: =IFERROR(VLOOKUP(A9,Internal_Trades!A:H,7,0),"") -> 45695 | J9: =IFERROR(VLOOKUP(A9,Broker_Confirmations!A:H,7,0),"") -> 45695 | K9: =IF(AND(I9<>"",J9<>""),IF(I9=J9,"MATCH","BREAK"),"MISSING") -> MATCH | L9: =IF(OR(E9="MISSING",H9="MISSING",K9="MISSING"),"MISSING",IF(OR(E9="BREAK",H9="BREAK",K9="BREAK"),"BREAK","MATCH")) -> MATCH
A10: TR009 | B10: =VLOOKUP(A10,Internal_Trades!A:H,3,0) -> HCLTECH | C10: =IFERROR(VLOOKUP(A10,Internal_Trades!A:H,4,0),"") -> 1200 | D10: =IFERROR(VLOOKUP(A10,Broker_Confirmations!A:H,4,0),"") -> 1200 | E10: =IF(AND(C10<>"",D10<>""),IF(C10=D10,"MATCH","BREAK"),"MISSING") -> MATCH | F10: =IFERROR(VLOOKUP(A10,Internal_Trades!A:H,5,0),"") -> 1610 | G10: =IFERROR(VLOOKUP(A10,Broker_Confirmations!A:H,5,0),"") -> 1605 | H10: =IF(AND(F10<>"",G10<>""),IF(F10=G10,"MATCH","BREAK"),"MISSING") -> BREAK | I10: =IFERROR(VLOOKUP(A10,Internal_Trades!A:H,7,0),"") -> 45696 | J10: =IFERROR(VLOOKUP(A10,Broker_Confirmations!A:H,7,0),"") -> 45696 | K10: =IF(AND(I10<>"",J10<>""),IF(I10=J10,"MATCH","BREAK"),"MISSING") -> MATCH | L10: =IF(OR(E10="MISSING",H10="MISSING",K10="MISSING"),"MISSING",IF(OR(E10="BREAK",H10="BREAK",K10="BREAK"),"BREAK","MATCH")) -> BREAK
A11: TR010 | B11: =VLOOKUP(A11,Internal_Trades!A:H,3,0) -> ICICIBANK | C11: =IFERROR(VLOOKUP(A11,Internal_Trades!A:H,4,0),"") -> 2500 | D11: =IFERROR(VLOOKUP(A11,Broker_Confirmations!A:H,4,0),"") | E11: =IF(AND(C11<>"",D11<>""),IF(C11=D11,"MATCH","BREAK"),"MISSING") -> MISSING | F11: =IFERROR(VLOOKUP(A11,Internal_Trades!A:H,5,0),"") -> 1365 | G11: =IFERROR(VLOOKUP(A11,Broker_Confirmations!A:H,5,0),"") | H11: =IF(AND(F11<>"",G11<>""),IF(F11=G11,"MATCH","BREAK"),"MISSING") -> MISSING | I11: =IFERROR(VLOOKUP(A11,Internal_Trades!A:H,7,0),"") -> 45696 | J11: =IFERROR(VLOOKUP(A11,Broker_Confirmations!A:H,7,0),"") | K11: =IF(AND(I11<>"",J11<>""),IF(I11=J11,"MATCH","BREAK"),"MISSING") -> MISSING | L11: =IF(OR(E11="MISSING",H11="MISSING",K11="MISSING"),"MISSING",IF(OR(E11="BREAK",H11="BREAK",K11="BREAK"),"BREAK","MATCH")) -> MISSING
A12: TR011 | B12: =VLOOKUP(A12,Broker_Confirmations!A:H,3,0) -> TATAMOTORS | C12: =IFERROR(VLOOKUP(A12,Internal_Trades!A:H,4,0),"") | D12: =IFERROR(VLOOKUP(A12,Broker_Confirmations!A:H,4,0),"") -> 1000 | E12: =IF(AND(C12<>"",D12<>""),IF(C12=D12,"MATCH","BREAK"),"MISSING") -> MISSING | F12: =IFERROR(VLOOKUP(A12,Internal_Trades!A:H,5,0),"") | G12: =IFERROR(VLOOKUP(A12,Broker_Confirmations!A:H,5,0),"") -> 995 | H12: =IF(AND(F12<>"",G12<>""),IF(F12=G12,"MATCH","BREAK"),"MISSING") -> MISSING | I12: =IFERROR(VLOOKUP(A12,Internal_Trades!A:H,7,0),"") | J12: =IFERROR(VLOOKUP(A12,Broker_Confirmations!A:H,7,0),"") -> 45696 | K12: =IF(AND(I12<>"",J12<>""),IF(I12=J12,"MATCH","BREAK"),"MISSING") -> MISSING | L12: =IF(OR(E12="MISSING",H12="MISSING",K12="MISSING"),"MISSING",IF(OR(E12="BREAK",H12="BREAK",K12="BREAK"),"BREAK","MATCH")) -> MISSING

Sheet Dashboard
A1: TRADE RECONCILIATION SUMMARY
A3: Total Trades | B3: =COUNTA(Reconciliation!A2:A12) -> 11
A4: Matched Trades | B4: =COUNTIF(Reconciliation!L2:L12,"MATCH") -> 4
A5: Breaks | B5: =COUNTIF(Reconciliation!L2:L12,"BREAK") -> 4
A6: Missing Confirmations | B6: =COUNTIF(Reconciliation!L2:L12,"MISSING") -> 3
A8: Exception Rate | B8: =TEXT((B5+B6)/B3,"0.0%") -> 63.6%
A9: Match Rate | B9: =TEXT(B4/B3,"0.0%") -> 36.4%
A11: BREAK TYPE ANALYSIS
A13: Price Breaks | B13: =COUNTIF(Reconciliation!H2:H12,"BREAK") -> 2
A14: Quantity Breaks | B14: =COUNTIF(Reconciliation!E2:E12,"BREAK") -> 1
A15: Settlement Date Breaks | B15: =COUNTIF(Reconciliation!K2:K12,"BREAK") -> 1
A16: Unconfirmed Trades | B16: =COUNTIF(Reconciliation!L2:L12,"MISSING") -> 3
A18: KEY FINDINGS & RECOMMENDATIONS
A20: High-Priority Issues:
A21: • TR005 & TR010: Missing broker confirmations (₹9.6L + ₹34.1L exposure)
A22: • TR003: Quantity mismatch of 200 shares (₹3.2L variance)
A23: • TR002 & TR009: Price discrepancies (₹2,500 + ₹6,000 exposure)
A26: • Implement automated price validation at trade capture to reduce price breaks
A27: • Establish daily confirmation follow-up process with brokers for unmatched trades
A28: • Target: Reduce exception rate from 63.6% to <5% industry standard
A32: DATA SOURCE
A33: Stock prices based on NSE India market data (February 2026). Trade scenarios simulated to demonstrate reconciliation workflows used in financial operations.
